Wall,Wall,Wall,Wall,Wall,Wall,Wall,Wall,Wall,Wall,Wall,Wall,Wall,Wall,Wall,Wall,Wall,Wall,Wall,Wall,Wall,Wall,Wall,Wall,Wall,Wall,Wall,Wall,Wall,Wall,Wall,Wall,Wall,Wall,Wall,Wall,Wall,Wall,Wall,Wall
Wall,Wall,Wall,Wall,Wall,Wall,Wall,Wall,Wall,Wall,Wall,Wall,Wall,Wall,Wall,Wall,Wall,Wall,Wall,Wall,Wall,Wall,Wall,Wall,Wall,Wall,Wall,Wall,Wall,Wall,Wall,Wall,Wall,Wall,Wall,Wall,Wall,Wall,Wall,Wall
Wall,Wall,Wall,Wall,Wall,Wall,Wall,Wall,Wall,Wall,Wall,Wall,Wall,Wall,Wall,Wall,Wall,Wall,Wall,Wall,Wall,Wall,Wall,Wall,Wall,Wall,Wall,Wall,Wall,Wall,Wall,Wall,Wall,Wall,Wall,Wall,Wall,Wall,Wall,Wall
Wall,Wall,Wall,Wall,Wall,Wall,Wall,Wall,Wall,Wall,Wall,Wall,Wall,Wall,Wall,Wall,Wall,Wall,Wall,Wall,Wall,Wall,Wall,Wall,Wall,Wall,Wall,Wall,Wall,Wall,Wall,Wall,Wall,Wall,Wall,Wall,Wall,Wall,Wall,Wall
Wall,Wall,Wall,Wall,Wall,Wall,Wall,Wall,Wall,Wall,Wall,Wall,Wall,Wall,Wall,Wall,Wall,Wall,Wall,Wall,Wall,Wall,Wall,Wall,Wall,Wall,Wall,Wall,Wall,Wall,Wall,Wall,Wall,Wall,Wall,Wall,Wall,Wall,Wall,Wall
Wall,Wall,Wall,Wall,Wall,Wall,Wall,Wall,Wall,Wall,Wall,Wall,Wall,Wall,Wall,Wall,Wall,Wall,Wall,Wall,Wall,Wall,Wall,Wall,Wall,Wall,Wall,Wall,Wall,Wall,Wall,Wall,Wall,Wall,Wall,Wall,Wall,Wall,Wall,Wall
Wall,Wall,Wall,Wall,Wall,Wall,Wall,Wall,Wall,Wall,Wall,Wall,Wall,Wall,Wall,Wall,Wall,Wall,Wall,Wall,Wall,Wall,Wall,Wall,Wall,Wall,Wall,Wall,Wall,Wall,Wall,Wall,Wall,Wall,Wall,Wall,Wall,Wall,Wall,Wall
Wall,Wall,Wall,Wall,Wall,Wall,Wall,Wall,Wall,Wall,Wall,Wall,Wall,Wall,Wall,Wall,Wall,Wall,Wall,Wall,Wall,Wall,Wall,Wall,Wall,Wall,Wall,Wall,Wall,Wall,Wall,Wall,Wall,Wall,Wall,Wall,Wall,Wall,Wall,Wall
Wall,Wall,Wall,Wall,Wall,Wall,Wall,Wall,Wall,Wall,Wall,Wall,Wall,Wall,Wall,Wall,Wall,Wall,Wall,Wall,Wall,Wall,Wall,Wall,Wall,Wall,Wall,Wall,Wall,Wall,Wall,Wall,Wall,Wall,Wall,Wall,Wall,Wall,Wall,Wall
Wall,Wall,Wall,Wall,Wall,Wall,Wall,Wall,Wall,Wall,Wall,Wall,Wall,Wall,Wall,Wall,Wall,Wall,Wall,Wall,Wall,Wall,Wall,Wall,Wall,Wall,Wall,Wall,Wall,Wall,Wall,Wall,Wall,Wall,Wall,Wall,Wall,Wall,Wall,Wall
Wall,Wall,Wall,Wall,Wall,Wall,Wall,Wall,Wall,Wall,Wall,Wall,Wall,Wall,Wall,Wall,Wall,Wall,Wall,Wall,Wall,Wall,Wall,Wall,Wall,Wall,Wall,Wall,Wall,Wall,Wall,Wall,Wall,Wall,Wall,Wall,Wall,Wall,Wall,Wall
Wall,Wall,Wall,Wall,Wall,Wall,Wall,Wall,Wall,Wall,Wall,Wall,Wall,Wall,Wall,Wall,Wall,Wall,Wall,Wall,Wall,Wall,Wall,Wall,Wall,Wall,Wall,Wall,Wall,Wall,Wall,Wall,Wall,Wall,Wall,Wall,Wall,Wall,Wall,Wall
Wall,Wall,Wall,Wall,Wall,Wall,Wall,Wall,Wall,Wall,Wall,Wall,Wall,Wall,Wall,Wall,Wall,Wall,Wall,Wall,Wall,Wall,Wall,Wall,Wall,Wall,Wall,Wall,Wall,Wall,Wall,Wall,Wall,Wall,Wall,Wall,Wall,Wall,Wall,Wall
Wall,Wall,Wall,Wall,Wall,Wall,Wall,Wall,Wall,Wall,Wall,Wall,Wall,Wall,Wall,Wall,Wall,Wall,Wall,Wall,Wall,Wall,Wall,Wall,Wall,Wall,Wall,Wall,Wall,Wall,Wall,Wall,Wall,Wall,Wall,Wall,Wall,Wall,Wall,Wall
Wall,Wall,Wall,Wall,Wall,Wall,Wall,Wall,Wall,Wall,Wall,Wall,Wall,Wall,Wall,Wall,Wall,Wall,Wall,Wall,Wall,Wall,Wall,Space,Space,Space,Space,Space,Wall,Wall,Wall,Wall,Wall,Wall,Wall,Wall,Wall,Wall,Wall,Wall
Wall,Wall,Wall,Wall,Wall,Wall,Wall,Wall,Wall,Wall,Wall,Wall,Wall,Wall,Wall,Wall,Wall,Wall,Wall,Wall,Wall,Wall,Wall,Space,Space,Space,Space,Space,Wall,Wall,Space,Space,Space,Space,Space,Wall,Wall,Wall,Wall,Wall
Wall,Wall,Wall,Wall,Wall,Wall,Wall,Wall,Wall,Wall,Wall,Wall,Wall,Wall,Wall,Wall,Wall,Wall,Wall,Wall,Wall,Wall,Wall,Wall,Space,Wall,Space,Space,Space,Space,Space,Space,Space,Space,Space,Wall,Wall,Wall,Wall,Wall
Wall,Wall,Wall,Wall,Wall,Wall,Wall,Wall,Wall,Wall,Wall,Wall,Wall,Wall,Wall,Wall,Wall,Wall,Wall,Wall,Wall,Wall,Wall,Space,Space,Space,Agent,Wall,Wall,Wall,Wall,Space,Wall,Space,Space,Wall,Wall,Wall,Wall,Wall
Wall,Wall,Wall,Wall,Wall,Wall,Wall,Wall,Wall,Wall,Wall,Wall,Wall,Wall,Wall,Wall,Wall,Wall,Wall,Wall,Wall,Wall,Wall,Space,Space,Space,Space,Space,Wall,Wall,Space,Space,Space,Space,Wall,Wall,Wall,Wall,Wall,Wall
Wall,Wall,Wall,Wall,Wall,Wall,Wall,Wall,Wall,Wall,Wall,Wall,Wall,Wall,Wall,Wall,Wall,Wall,Wall,Wall,Wall,Wall,Wall,Wall,Wall,Wall,Wall,Wall,Wall,Wall,Space,Space,Space,Space,Space,Wall,Wall,Wall,Wall,Wall
Wall,Wall,Wall,Wall,Wall,Wall,Wall,Wall,Wall,Wall,Wall,Wall,Wall,Wall,Wall,Wall,Wall,Wall,Wall,Wall,Wall,Wall,Wall,Wall,Wall,Wall,Wall,Wall,Wall,Wall,Wall,Wall,Wall,Space,Wall,Wall,Wall,Wall,Wall,Wall
Wall,Wall,Wall,Wall,Wall,Wall,Wall,Wall,Wall,Wall,Wall,Wall,Wall,Wall,Wall,Wall,Wall,Wall,Wall,Wall,Wall,Wall,Wall,Wall,Wall,Wall,Wall,Wall,Wall,Wall,Wall,Wall,Wall,Space,Wall,Wall,Wall,Wall,Wall,Wall
Wall,Wall,Wall,Wall,Wall,Wall,Wall,Wall,Wall,Wall,Wall,Wall,Wall,Wall,Wall,Wall,Wall,Wall,Wall,Wall,Wall,Wall,Wall,Wall,Wall,Wall,Wall,Wall,Wall,Wall,Wall,Space,Space,Space,Space,Space,Wall,Wall,Wall,Wall
Wall,Wall,Wall,Wall,Wall,Wall,Wall,Wall,Wall,Wall,Wall,Wall,Wall,Wall,Wall,Wall,Wall,Wall,Wall,Wall,Wall,Wall,Wall,Wall,Wall,Wall,Wall,Wall,Wall,Wall,Wall,Space,Wall,Wall,Space,Space,Wall,Wall,Wall,Wall
Wall,Wall,Wall,Wall,Wall,Wall,Wall,Wall,Wall,Wall,Wall,Wall,Wall,Wall,Wall,Wall,Wall,Wall,Wall,Wall,Wall,Wall,Wall,Wall,Wall,Wall,Wall,Wall,Wall,Wall,Wall,Space,Space,Wall,Space,Space,Wall,Wall,Wall,Wall
Wall,Wall,Wall,Wall,Wall,Wall,Wall,Wall,Wall,Wall,Wall,Wall,Wall,Wall,Wall,Wall,Wall,Wall,Wall,Wall,Wall,Wall,Wall,Wall,Wall,Wall,Wall,Wall,Wall,Wall,Wall,Agent,Space,Space,Space,Space,Wall,Wall,Wall,Wall
Wall,Wall,Wall,Wall,Wall,Wall,Wall,Wall,Wall,Wall,Wall,Wall,Wall,Wall,Wall,Wall,Wall,Wall,Wall,Wall,Wall,Wall,Wall,Wall,Wall,Wall,Wall,Wall,Wall,Wall,Wall,Space,Wall,Space,Space,Space,Wall,Wall,Wall,Wall
Wall,Wall,Wall,Wall,Wall,Wall,Wall,Wall,Wall,Wall,Wall,Wall,Wall,Wall,Wall,Wall,Wall,Wall,Wall,Wall,Wall,Wall,Wall,Wall,Wall,Wall,Wall,Wall,Wall,Wall,Wall,Wall,Wall,Wall,Wall,Wall,Wall,Wall,Wall,Wall
Wall,Wall,Wall,Wall,Wall,Wall,Wall,Wall,Wall,Wall,Wall,Wall,Wall,Wall,Wall,Wall,Wall,Wall,Wall,Wall,Wall,Wall,Wall,Wall,Wall,Wall,Wall,Wall,Wall,Wall,Wall,Wall,Wall,Wall,Wall,Wall,Wall,Wall,Wall,Wall
Wall,Wall,Wall,Wall,Wall,Wall,Wall,Wall,Wall,Wall,Wall,Wall,Wall,Wall,Wall,Wall,Wall,Wall,Wall,Wall,Wall,Wall,Wall,Wall,Wall,Wall,Wall,Wall,Wall,Wall,Wall,Wall,Wall,Wall,Wall,Wall,Wall,Wall,Wall,Wall
Wall,Wall,Wall,Wall,Wall,Wall,Wall,Wall,Wall,Wall,Wall,Wall,Wall,Wall,Wall,Wall,Wall,Wall,Wall,Wall,Wall,Wall,Wall,Wall,Wall,Wall,Wall,Wall,Wall,Wall,Wall,Wall,Wall,Wall,Wall,Wall,Wall,Wall,Wall,Wall
Wall,Wall,Wall,Wall,Wall,Wall,Wall,Wall,Wall,Wall,Wall,Wall,Wall,Wall,Wall,Wall,Wall,Wall,Wall,Wall,Wall,Wall,Wall,Wall,Wall,Wall,Wall,Wall,Wall,Wall,Wall,Wall,Wall,Wall,Wall,Wall,Wall,Wall,Wall,Wall
Wall,Wall,Wall,Wall,Wall,Wall,Wall,Wall,Wall,Wall,Wall,Wall,Wall,Wall,Wall,Wall,Wall,Wall,Wall,Wall,Wall,Wall,Wall,Wall,Wall,Wall,Wall,Wall,Wall,Wall,Wall,Wall,Wall,Wall,Wall,Wall,Wall,Wall,Wall,Wall
Wall,Wall,Wall,Wall,Wall,Wall,Wall,Wall,Wall,Wall,Wall,Wall,Wall,Wall,Wall,Wall,Wall,Wall,Wall,Wall,Wall,Wall,Wall,Wall,Wall,Wall,Wall,Wall,Wall,Wall,Wall,Wall,Wall,Wall,Wall,Wall,Wall,Wall,Wall,Wall
Wall,Wall,Wall,Wall,Wall,Wall,Wall,Wall,Wall,Wall,Wall,Wall,Wall,Wall,Wall,Wall,Wall,Wall,Wall,Wall,Wall,Wall,Wall,Wall,Wall,Wall,Wall,Wall,Wall,Wall,Wall,Wall,Wall,Wall,Wall,Wall,Wall,Wall,Wall,Wall
Wall,Wall,Wall,Wall,Wall,Wall,Wall,Wall,Wall,Wall,Wall,Wall,Wall,Wall,Wall,Wall,Wall,Wall,Wall,Wall,Wall,Wall,Wall,Wall,Wall,Wall,Wall,Wall,Wall,Wall,Wall,Wall,Wall,Wall,Wall,Wall,Wall,Wall,Wall,Wall
Wall,Wall,Wall,Wall,Wall,Wall,Wall,Wall,Wall,Wall,Wall,Wall,Wall,Wall,Wall,Wall,Wall,Wall,Wall,Wall,Wall,Wall,Wall,Wall,Wall,Wall,Wall,Wall,Wall,Wall,Wall,Wall,Wall,Wall,Wall,Wall,Wall,Wall,Wall,Wall
Wall,Wall,Wall,Wall,Wall,Wall,Wall,Wall,Wall,Wall,Wall,Wall,Wall,Wall,Wall,Wall,Wall,Wall,Wall,Wall,Wall,Wall,Wall,Wall,Wall,Wall,Wall,Wall,Wall,Wall,Wall,Wall,Wall,Wall,Wall,Wall,Wall,Wall,Wall,Wall
Wall,Wall,Wall,Wall,Wall,Wall,Wall,Wall,Wall,Wall,Wall,Wall,Wall,Wall,Wall,Wall,Wall,Wall,Wall,Wall,Wall,Wall,Wall,Wall,Wall,Wall,Wall,Wall,Wall,Wall,Wall,Wall,Wall,Wall,Wall,Wall,Wall,Wall,Wall,Wall
Wall,Wall,Wall,Wall,Wall,Wall,Wall,Wall,Wall,Wall,Wall,Wall,Wall,Wall,Wall,Wall,Wall,Wall,Wall,Wall,Wall,Wall,Wall,Wall,Wall,Wall,Wall,Wall,Wall,Wall,Wall,Wall,Wall,Wall,Wall,Wall,Wall,Wall,Wall,Wall
